{"cameraMode":{"drawMode":0,"name":"Shaded","section":"Shading Mode"},"sceneLighting":true,"audioPlay":false,"sceneViewState":{"showFog":true,"showMaterialUpdate":false,"showSkybox":true,"showFlares":true,"showImageEffects":true,"showParticleSystems":true},"in2DMode":false,"pivot":{"x":3.018718719482422,"y":-3.2601394653320314,"z":8.2762451171875},"rotation":{"x":-0.23066093027591706,"y":0.5972093939781189,"z":-0.18473857641220094,"w":-0.7456631064414978},"size":34.69167709350586,"orthographic":false}